state,food_name,subcategory,food_type,serving_size_g,calories_per_100g,calories_kcal,protein_g,carbs_g,fat_g,fiber_g,calorie_status,data_note
Andhra Pradesh,Pulihora,Rice Dish,Veg,250,120.0,300,8,48,8,3,Calories consumed,"Approximate regional-food estimate; recipe, oil, brand and portion can change nutrition"
Andhra Pradesh,Gongura Pachadi,Chutney,Veg,50,200.0,100,2,8,6,3,Calories consumed,"Approximate regional-food estimate; recipe, oil, brand and portion can change nutrition"
Andhra Pradesh,Pesarattu,Breakfast,Veg,180,122.2,220,7,32,7,3,Calories consumed,"Approximate regional-food estimate; recipe, oil, brand and portion can change nutrition"
Andhra Pradesh,Gutti Vankaya,Main Dish,Veg,200,140.0,280,9,30,12,6,Calories consumed,"Approximate regional-food estimate; recipe, oil, brand and portion can change nutrition"
Andhra Pradesh,Andhra Chicken Curry,Curry,Non-Veg,200,115.0,230,16,18,12,5,Calories consumed,"Approximate regional-food estimate; recipe, oil, brand and portion can change nutrition"
Andhra Pradesh,Kodi Vepudu,Chicken,Non-Veg,180,166.7,300,33,5,18,2,Calories consumed,"Approximate regional-food estimate; recipe, oil, brand and portion can change nutrition"
Andhra Pradesh,Royyala Iguru,Seafood,Non-Veg,180,122.2,220,30,1,11,1,Calories consumed,"Approximate regional-food estimate; recipe, oil, brand and portion can change nutrition"
Andhra Pradesh,Andhra Fish Curry,Seafood,Non-Veg,180,122.2,220,30,1,11,1,Calories consumed,"Approximate regional-food estimate; recipe, oil, brand and portion can change nutrition"
Andhra Pradesh,Pootharekulu,Sweet,Veg,75,400.0,300,5,42,12,2,Calories consumed,"Approximate regional-food estimate; recipe, oil, brand and portion can change nutrition"
Andhra Pradesh,Ariselu,Sweet,Veg,75,400.0,300,5,42,12,2,Calories consumed,"Approximate regional-food estimate; recipe, oil, brand and portion can change nutrition"
Andhra Pradesh,Bobbatlu,Sweet,Veg,75,400.0,300,5,42,12,2,Calories consumed,"Approximate regional-food estimate; recipe, oil, brand and portion can change nutrition"
Andhra Pradesh,Garelu,Snack,Veg,100,280.0,280,6,32,14,3,Calories consumed,"Approximate regional-food estimate; recipe, oil, brand and portion can change nutrition"
Andhra Pradesh,Punugulu,Snack,Veg,100,280.0,280,6,32,14,3,Calories consumed,"Approximate regional-food estimate; recipe, oil, brand and portion can change nutrition"
Arunachal Pradesh,Thukpa,Noodles,Veg,250,120.0,300,9,45,9,3,Calories consumed,"Approximate regional-food estimate; recipe, oil, brand and portion can change nutrition"
Arunachal Pradesh,Momos,Snack,Veg,100,280.0,280,6,32,14,3,Calories consumed,"Approximate regional-food estimate; recipe, oil, brand and portion can change nutrition"
Arunachal Pradesh,Zan,Main Dish,Veg,200,140.0,280,9,30,12,6,Calories consumed,"Approximate regional-food estimate; recipe, oil, brand and portion can change nutrition"
Arunachal Pradesh,Khura,Bread,Veg,80,312.5,250,7,42,7,3,Calories consumed,"Approximate regional-food estimate; recipe, oil, brand and portion can change nutrition"
Arunachal Pradesh,Gyapa Khazi,Rice Dish,Veg,250,120.0,300,8,48,8,3,Calories consumed,"Approximate regional-food estimate; recipe, oil, brand and portion can change nutrition"
Arunachal Pradesh,Pika Pila,Pickle,Veg,30,400.0,120,2,7,9,2,Calories consumed,"Approximate regional-food estimate; recipe, oil, brand and portion can change nutrition"
Arunachal Pradesh,Chura Sabzi,Main Dish,Veg,200,140.0,280,9,30,12,6,Calories consumed,"Approximate regional-food estimate; recipe, oil, brand and portion can change nutrition"
Arunachal Pradesh,Smoked Pork,Meat,Non-Veg,180,194.4,350,32,3,25,2,Calories consumed,"Approximate regional-food estimate; recipe, oil, brand and portion can change nutrition"
Arunachal Pradesh,Pork Thukpa,Noodles,Non-Veg,250,120.0,300,17,45,9,3,Calories consumed,"Approximate regional-food estimate; recipe, oil, brand and portion can change nutrition"
Arunachal Pradesh,Chicken Momos,Snack,Non-Veg,100,280.0,280,14,32,14,3,Calories consumed,"Approximate regional-food estimate; recipe, oil, brand and portion can change nutrition"
Arunachal Pradesh,Yak Meat Curry,Meat,Non-Veg,180,194.4,350,32,3,25,2,Calories consumed,"Approximate regional-food estimate; recipe, oil, brand and portion can change nutrition"
Assam,Khar,Main Dish,Veg,200,140.0,280,9,30,12,6,Calories consumed,"Approximate regional-food estimate; recipe, oil, brand and portion can change nutrition"
Assam,Masor Tenga,Fish,Non-Veg,180,133.3,240,33,0,13,1,Calories consumed,"Approximate regional-food estimate; recipe, oil, brand and portion can change nutrition"
Assam,Duck Curry,Meat,Non-Veg,180,194.4,350,32,3,25,2,Calories consumed,"Approximate regional-food estimate; recipe, oil, brand and portion can change nutrition"
Assam,Aloo Pitika,Side Dish,Veg,100,140.0,140,4,16,6,4,Calories consumed,"Approximate regional-food estimate; recipe, oil, brand and portion can change nutrition"
Assam,Bora Saul Payas,Sweet,Veg,75,400.0,300,5,42,12,2,Calories consumed,"Approximate regional-food estimate; recipe, oil, brand and portion can change nutrition"
Assam,Pitha,Sweet,Veg,75,400.0,300,5,42,12,2,Calories consumed,"Approximate regional-food estimate; recipe, oil, brand and portion can change nutrition"
Assam,Til Pitha,Sweet,Veg,75,400.0,300,5,42,12,2,Calories consumed,"Approximate regional-food estimate; recipe, oil, brand and portion can change nutrition"
Assam,Ghila Pitha,Sweet,Veg,75,400.0,300,5,42,12,2,Calories consumed,"Approximate regional-food estimate; recipe, oil, brand and portion can change nutrition"
Assam,Duck with Black Sesame,Meat,Non-Veg,180,194.4,350,32,3,25,2,Calories consumed,"Approximate regional-food estimate; recipe, oil, brand and portion can change nutrition"
Assam,Patot Diya Fish,Fish,Non-Veg,180,133.3,240,33,0,13,1,Calories consumed,"Approximate regional-food estimate; recipe, oil, brand and portion can change nutrition"
Assam,Paro Manxho,Meat,Non-Veg,180,194.4,350,32,3,25,2,Calories consumed,"Approximate regional-food estimate; recipe, oil, brand and portion can change nutrition"
Bihar,Litti,Bread,Veg,80,312.5,250,7,42,7,3,Calories consumed,"Approximate regional-food estimate; recipe, oil, brand and portion can change nutrition"
Bihar,Litti Chokha,Main Dish,Veg,200,140.0,280,9,30,12,6,Calories consumed,"Approximate regional-food estimate; recipe, oil, brand and portion can change nutrition"
Bihar,Sattu Paratha,Bread,Veg,80,312.5,250,7,42,7,3,Calories consumed,"Approximate regional-food estimate; recipe, oil, brand and portion can change nutrition"
Bihar,Dal Pitha,Snack,Veg,100,280.0,280,6,32,14,3,Calories consumed,"Approximate regional-food estimate; recipe, oil, brand and portion can change nutrition"
Bihar,Thekua,Sweet,Veg,75,400.0,300,5,42,12,2,Calories consumed,"Approximate regional-food estimate; recipe, oil, brand and portion can change nutrition"
Bihar,Khaja,Sweet,Veg,75,400.0,300,5,42,12,2,Calories consumed,"Approximate regional-food estimate; recipe, oil, brand and portion can change nutrition"
Bihar,Malpua,Sweet,Veg,75,400.0,300,5,42,12,2,Calories consumed,"Approximate regional-food estimate; recipe, oil, brand and portion can change nutrition"
Bihar,Kheer Makhana,Sweet,Veg,75,400.0,300,5,42,12,2,Calories consumed,"Approximate regional-food estimate; recipe, oil, brand and portion can change nutrition"
Bihar,Chana Ghugni,Main Dish,Veg,200,140.0,280,9,30,12,6,Calories consumed,"Approximate regional-food estimate; recipe, oil, brand and portion can change nutrition"
Bihar,Aloo Chokha,Side Dish,Veg,100,140.0,140,4,16,6,4,Calories consumed,"Approximate regional-food estimate; recipe, oil, brand and portion can change nutrition"
Bihar,Bihari Chicken Curry,Chicken,Non-Veg,180,166.7,300,33,5,18,2,Calories consumed,"Approximate regional-food estimate; recipe, oil, brand and portion can change nutrition"
Bihar,Bihari Mutton Curry,Meat,Non-Veg,180,194.4,350,32,3,25,2,Calories consumed,"Approximate regional-food estimate; recipe, oil, brand and portion can change nutrition"
Bihar,Machhli Jhor,Fish,Non-Veg,180,133.3,240,33,0,13,1,Calories consumed,"Approximate regional-food estimate; recipe, oil, brand and portion can change nutrition"
Chhattisgarh,Chila,Breakfast,Veg,180,122.2,220,7,32,7,3,Calories consumed,"Approximate regional-food estimate; recipe, oil, brand and portion can change nutrition"
Chhattisgarh,Fara,Snack,Veg,100,280.0,280,6,32,14,3,Calories consumed,"Approximate regional-food estimate; recipe, oil, brand and portion can change nutrition"
Chhattisgarh,Muthia,Snack,Veg,100,280.0,280,6,32,14,3,Calories consumed,"Approximate regional-food estimate; recipe, oil, brand and portion can change nutrition"
Chhattisgarh,Angakar Roti,Bread,Veg,80,312.5,250,7,42,7,3,Calories consumed,"Approximate regional-food estimate; recipe, oil, brand and portion can change nutrition"
Chhattisgarh,Aamat,Main Dish,Veg,200,140.0,280,9,30,12,6,Calories consumed,"Approximate regional-food estimate; recipe, oil, brand and portion can change nutrition"
Chhattisgarh,Bafauri,Snack,Veg,100,280.0,280,6,32,14,3,Calories consumed,"Approximate regional-food estimate; recipe, oil, brand and portion can change nutrition"
Chhattisgarh,Dehrori,Sweet,Veg,75,400.0,300,5,42,12,2,Calories consumed,"Approximate regional-food estimate; recipe, oil, brand and portion can change nutrition"
Chhattisgarh,Dubki Kadhi,Curry,Veg,200,115.0,230,8,18,12,5,Calories consumed,"Approximate regional-food estimate; recipe, oil, brand and portion can change nutrition"
Chhattisgarh,Chausela,Bread,Veg,80,312.5,250,7,42,7,3,Calories consumed,"Approximate regional-food estimate; recipe, oil, brand and portion can change nutrition"
Chhattisgarh,Chana Dal Fara,Snack,Veg,100,280.0,280,6,32,14,3,Calories consumed,"Approximate regional-food estimate; recipe, oil, brand and portion can change nutrition"
Chhattisgarh,Chicken Curry,Chicken,Non-Veg,180,166.7,300,33,5,18,2,Calories consumed,"Approximate regional-food estimate; recipe, oil, brand and portion can change nutrition"
Chhattisgarh,Fish Curry,Fish,Non-Veg,180,133.3,240,33,0,13,1,Calories consumed,"Approximate regional-food estimate; recipe, oil, brand and portion can change nutrition"
Goa,Goan Prawn Curry,Seafood,Non-Veg,180,122.2,220,30,1,11,1,Calories consumed,"Approximate regional-food estimate; recipe, oil, brand and portion can change nutrition"
Goa,Fish Recheado,Fish,Non-Veg,180,133.3,240,33,0,13,1,Calories consumed,"Approximate regional-food estimate; recipe, oil, brand and portion can change nutrition"
Goa,Xacuti Chicken,Chicken,Non-Veg,180,166.7,300,33,5,18,2,Calories consumed,"Approximate regional-food estimate; recipe, oil, brand and portion can change nutrition"
Goa,Pork Vindaloo,Meat,Non-Veg,180,194.4,350,32,3,25,2,Calories consumed,"Approximate regional-food estimate; recipe, oil, brand and portion can change nutrition"
Goa,Sorpotel,Meat,Non-Veg,180,194.4,350,32,3,25,2,Calories consumed,"Approximate regional-food estimate; recipe, oil, brand and portion can change nutrition"
Goa,Chicken Cafreal,Chicken,Non-Veg,180,166.7,300,33,5,18,2,Calories consumed,"Approximate regional-food estimate; recipe, oil, brand and portion can change nutrition"
Goa,Goan Fish Curry,Fish,Non-Veg,180,133.3,240,33,0,13,1,Calories consumed,"Approximate regional-food estimate; recipe, oil, brand and portion can change nutrition"
Goa,Prawn Balchao,Seafood,Non-Veg,180,122.2,220,30,1,11,1,Calories consumed,"Approximate regional-food estimate; recipe, oil, brand and portion can change nutrition"
Goa,Poi,Bread,Veg,80,312.5,250,7,42,7,3,Calories consumed,"Approximate regional-food estimate; recipe, oil, brand and portion can change nutrition"
Goa,Ros Omelette,Egg,Non-Veg,100,220.0,220,23,0,15,1,Calories consumed,"Approximate regional-food estimate; recipe, oil, brand and portion can change nutrition"
Goa,Bebinca,Sweet,Veg,75,400.0,300,5,42,12,2,Calories consumed,"Approximate regional-food estimate; recipe, oil, brand and portion can change nutrition"
Goa,Dodol,Sweet,Veg,75,400.0,300,5,42,12,2,Calories consumed,"Approximate regional-food estimate; recipe, oil, brand and portion can change nutrition"
Goa,Khatkhate,Main Dish,Veg,200,140.0,280,9,30,12,6,Calories consumed,"Approximate regional-food estimate; recipe, oil, brand and portion can change nutrition"
Goa,Sol Kadhi,Drink,Veg,250,48.0,120,4,18,4,1,Calories consumed,"Approximate regional-food estimate; recipe, oil, brand and portion can change nutrition"
Gujarat,Dhokla,Snack,Veg,100,280.0,280,6,32,14,3,Calories consumed,"Approximate regional-food estimate; recipe, oil, brand and portion can change nutrition"
Gujarat,Khaman,Snack,Veg,100,280.0,280,6,32,14,3,Calories consumed,"Approximate regional-food estimate; recipe, oil, brand and portion can change nutrition"
Gujarat,Khandvi,Snack,Veg,100,280.0,280,6,32,14,3,Calories consumed,"Approximate regional-food estimate; recipe, oil, brand and portion can change nutrition"
Gujarat,Fafda,Snack,Veg,100,280.0,280,6,32,14,3,Calories consumed,"Approximate regional-food estimate; recipe, oil, brand and portion can change nutrition"
Gujarat,Jalebi,Sweet,Veg,75,400.0,300,5,42,12,2,Calories consumed,"Approximate regional-food estimate; recipe, oil, brand and portion can change nutrition"
Gujarat,Thepla,Bread,Veg,80,312.5,250,7,42,7,3,Calories consumed,"Approximate regional-food estimate; recipe, oil, brand and portion can change nutrition"
Gujarat,Methi Thepla,Bread,Veg,80,312.5,250,7,42,7,3,Calories consumed,"Approximate regional-food estimate; recipe, oil, brand and portion can change nutrition"
Gujarat,Khakhra,Snack,Veg,100,280.0,280,6,32,14,3,Calories consumed,"Approximate regional-food estimate; recipe, oil, brand and portion can change nutrition"
Gujarat,Handvo,Main Dish,Veg,200,140.0,280,9,30,12,6,Calories consumed,"Approximate regional-food estimate; recipe, oil, brand and portion can change nutrition"
Gujarat,Undhiyu,Main Dish,Veg,200,140.0,280,9,30,12,6,Calories consumed,"Approximate regional-food estimate; recipe, oil, brand and portion can change nutrition"
Gujarat,Dal Dhokli,Main Dish,Veg,200,140.0,280,9,30,12,6,Calories consumed,"Approximate regional-food estimate; recipe, oil, brand and portion can change nutrition"
Gujarat,Sev Tameta,Curry,Veg,200,115.0,230,8,18,12,5,Calories consumed,"Approximate regional-food estimate; recipe, oil, brand and portion can change nutrition"
Gujarat,Gujarati Kadhi,Curry,Veg,200,115.0,230,8,18,12,5,Calories consumed,"Approximate regional-food estimate; recipe, oil, brand and portion can change nutrition"
Gujarat,Patra,Snack,Veg,100,280.0,280,6,32,14,3,Calories consumed,"Approximate regional-food estimate; recipe, oil, brand and portion can change nutrition"
Gujarat,Gathiya,Snack,Veg,100,280.0,280,6,32,14,3,Calories consumed,"Approximate regional-food estimate; recipe, oil, brand and portion can change nutrition"
Gujarat,Dabeli,Street Food,Veg,180,194.4,350,8,45,15,5,Calories consumed,"Approximate regional-food estimate; recipe, oil, brand and portion can change nutrition"
Gujarat,Kachori,Snack,Veg,100,280.0,280,6,32,14,3,Calories consumed,"Approximate regional-food estimate; recipe, oil, brand and portion can change nutrition"
Gujarat,Mohanthal,Sweet,Veg,75,400.0,300,5,42,12,2,Calories consumed,"Approximate regional-food estimate; recipe, oil, brand and portion can change nutrition"
Gujarat,Basundi,Sweet,Veg,75,400.0,300,5,42,12,2,Calories consumed,"Approximate regional-food estimate; recipe, oil, brand and portion can change nutrition"
Gujarat,Shrikhand,Sweet,Veg,75,400.0,300,5,42,12,2,Calories consumed,"Approximate regional-food estimate; recipe, oil, brand and portion can change nutrition"
Gujarat,Fafda Jalebi,Street Food,Veg,180,194.4,350,8,45,15,5,Calories consumed,"Approximate regional-food estimate; recipe, oil, brand and portion can change nutrition"
Gujarat,Khichdi Kadhi,Main Dish,Veg,200,140.0,280,9,30,12,6,Calories consumed,"Approximate regional-food estimate; recipe, oil, brand and portion can change nutrition"
Gujarat,Bajri Rotla,Bread,Veg,80,312.5,250,7,42,7,3,Calories consumed,"Approximate regional-food estimate; recipe, oil, brand and portion can change nutrition"
Gujarat,Sev Usal,Street Food,Veg,180,194.4,350,8,45,15,5,Calories consumed,"Approximate regional-food estimate; recipe, oil, brand and portion can change nutrition"
Gujarat,Gujarat Dal,Curry,Veg,200,115.0,230,8,18,12,5,Calories consumed,"Approximate regional-food estimate; recipe, oil, brand and portion can change nutrition"
Gujarat,Dal Pakwan,Breakfast,Veg,180,122.2,220,7,32,7,3,Calories consumed,"Approximate regional-food estimate; recipe, oil, brand and portion can change nutrition"
Gujarat,Lilva Kachori,Snack,Veg,100,280.0,280,6,32,14,3,Calories consumed,"Approximate regional-food estimate; recipe, oil, brand and portion can change nutrition"
Gujarat,Surti Locho,Snack,Veg,100,280.0,280,6,32,14,3,Calories consumed,"Approximate regional-food estimate; recipe, oil, brand and portion can change nutrition"
Gujarat,Surti Ghari,Sweet,Veg,75,400.0,300,5,42,12,2,Calories consumed,"Approximate regional-food estimate; recipe, oil, brand and portion can change nutrition"
Gujarat,Surti Sev Khamani,Snack,Veg,100,280.0,280,6,32,14,3,Calories consumed,"Approximate regional-food estimate; recipe, oil, brand and portion can change nutrition"
Gujarat,Surti Egg Ghotala,Egg,Non-Veg,100,220.0,220,23,0,15,1,Calories consumed,"Approximate regional-food estimate; recipe, oil, brand and portion can change nutrition"
Gujarat,Mutton Samosa,Snack,Non-Veg,100,280.0,280,14,32,14,3,Calories consumed,"Approximate regional-food estimate; recipe, oil, brand and portion can change nutrition"
Gujarat,Mutton Biryani,Rice Dish,Non-Veg,250,120.0,300,16,48,8,3,Calories consumed,"Approximate regional-food estimate; recipe, oil, brand and portion can change nutrition"
Gujarat,Chicken Biryani,Rice Dish,Non-Veg,250,120.0,300,16,48,8,3,Calories consumed,"Approximate regional-food estimate; recipe, oil, brand and portion can change nutrition"
Gujarat,Chicken Tikka,Chicken,Non-Veg,180,166.7,300,33,5,18,2,Calories consumed,"Approximate regional-food estimate; recipe, oil, brand and portion can change nutrition"
Gujarat,Chicken Curry,Chicken,Non-Veg,180,166.7,300,33,5,18,2,Calories consumed,"Approximate regional-food estimate; recipe, oil, brand and portion can change nutrition"
Gujarat,Fish Fry,Fish,Non-Veg,180,133.3,240,33,0,13,1,Calories consumed,"Approximate regional-food estimate; recipe, oil, brand and portion can change nutrition"
Gujarat,Prawn Curry,Seafood,Non-Veg,180,122.2,220,30,1,11,1,Calories consumed,"Approximate regional-food estimate; recipe, oil, brand and portion can change nutrition"
Haryana,Bajra Khichdi,Main Dish,Veg,200,140.0,280,9,30,12,6,Calories consumed,"Approximate regional-food estimate; recipe, oil, brand and portion can change nutrition"
Haryana,Bajra Roti,Bread,Veg,80,312.5,250,7,42,7,3,Calories consumed,"Approximate regional-food estimate; recipe, oil, brand and portion can change nutrition"
Haryana,Bajra Churma,Sweet,Veg,75,400.0,300,5,42,12,2,Calories consumed,"Approximate regional-food estimate; recipe, oil, brand and portion can change nutrition"
Haryana,Kadhi Pakora,Curry,Veg,200,115.0,230,8,18,12,5,Calories consumed,"Approximate regional-food estimate; recipe, oil, brand and portion can change nutrition"
Haryana,Bathua Raita,Side Dish,Veg,100,140.0,140,4,16,6,4,Calories consumed,"Approximate regional-food estimate; recipe, oil, brand and portion can change nutrition"
Haryana,Hara Dhania Cholia,Main Dish,Veg,200,140.0,280,9,30,12,6,Calories consumed,"Approximate regional-food estimate; recipe, oil, brand and portion can change nutrition"
Haryana,Mithe Chawal,Rice Dish,Veg,250,120.0,300,8,48,8,3,Calories consumed,"Approximate regional-food estimate; recipe, oil, brand and portion can change nutrition"
Haryana,Aloo Roti,Bread,Veg,80,312.5,250,7,42,7,3,Calories consumed,"Approximate regional-food estimate; recipe, oil, brand and portion can change nutrition"
Haryana,Haryanvi Chicken Curry,Chicken,Non-Veg,180,166.7,300,33,5,18,2,Calories consumed,"Approximate regional-food estimate; recipe, oil, brand and portion can change nutrition"
Haryana,Haryanvi Mutton Curry,Meat,Non-Veg,180,194.4,350,32,3,25,2,Calories consumed,"Approximate regional-food estimate; recipe, oil, brand and portion can change nutrition"
Haryana,Egg Curry,Egg,Non-Veg,100,220.0,220,23,0,15,1,Calories consumed,"Approximate regional-food estimate; recipe, oil, brand and portion can change nutrition"
Himachal Pradesh,Dham,Thali,Veg,400,125.0,500,16,65,18,9,Calories consumed,"Approximate regional-food estimate; recipe, oil, brand and portion can change nutrition"
Himachal Pradesh,Siddu,Bread,Veg,80,312.5,250,7,42,7,3,Calories consumed,"Approximate regional-food estimate; recipe, oil, brand and portion can change nutrition"
Himachal Pradesh,Madra,Curry,Veg,200,115.0,230,8,18,12,5,Calories consumed,"Approximate regional-food estimate; recipe, oil, brand and portion can change nutrition"
Himachal Pradesh,Rajma Madra,Curry,Veg,200,115.0,230,8,18,12,5,Calories consumed,"Approximate regional-food estimate; recipe, oil, brand and portion can change nutrition"
Himachal Pradesh,Kullu Trout,Fish,Non-Veg,180,133.3,240,33,0,13,1,Calories consumed,"Approximate regional-food estimate; recipe, oil, brand and portion can change nutrition"
Himachal Pradesh,Chha Gosht,Meat,Non-Veg,180,194.4,350,32,3,25,2,Calories consumed,"Approximate regional-food estimate; recipe, oil, brand and portion can change nutrition"
Himachal Pradesh,Tudkiya Bhath,Rice Dish,Veg,250,120.0,300,8,48,8,3,Calories consumed,"Approximate regional-food estimate; recipe, oil, brand and portion can change nutrition"
Himachal Pradesh,Bhey,Vegetable,Veg,150,80.0,120,4,14,5,5,Calories consumed,"Approximate regional-food estimate; recipe, oil, brand and portion can change nutrition"
Himachal Pradesh,Babru,Snack,Veg,100,280.0,280,6,32,14,3,Calories consumed,"Approximate regional-food estimate; recipe, oil, brand and portion can change nutrition"
Himachal Pradesh,Patande,Breakfast,Veg,180,122.2,220,7,32,7,3,Calories consumed,"Approximate regional-food estimate; recipe, oil, brand and portion can change nutrition"
Himachal Pradesh,Dhaam Mutton,Meat,Non-Veg,180,194.4,350,32,3,25,2,Calories consumed,"Approximate regional-food estimate; recipe, oil, brand and portion can change nutrition"
Himachal Pradesh,Himachali Chicken,Chicken,Non-Veg,180,166.7,300,33,5,18,2,Calories consumed,"Approximate regional-food estimate; recipe, oil, brand and portion can change nutrition"
Jharkhand,Dhuska,Snack,Veg,100,280.0,280,6,32,14,3,Calories consumed,"Approximate regional-food estimate; recipe, oil, brand and portion can change nutrition"
Jharkhand,Rugra,Vegetable,Veg,150,80.0,120,4,14,5,5,Calories consumed,"Approximate regional-food estimate; recipe, oil, brand and portion can change nutrition"
Jharkhand,Thekua,Sweet,Veg,75,400.0,300,5,42,12,2,Calories consumed,"Approximate regional-food estimate; recipe, oil, brand and portion can change nutrition"
Jharkhand,Arsa Roti,Sweet,Veg,75,400.0,300,5,42,12,2,Calories consumed,"Approximate regional-food estimate; recipe, oil, brand and portion can change nutrition"
Jharkhand,Chilka Roti,Bread,Veg,80,312.5,250,7,42,7,3,Calories consumed,"Approximate regional-food estimate; recipe, oil, brand and portion can change nutrition"
Jharkhand,Malpua,Sweet,Veg,75,400.0,300,5,42,12,2,Calories consumed,"Approximate regional-food estimate; recipe, oil, brand and portion can change nutrition"
Jharkhand,Pittha,Snack,Veg,100,280.0,280,6,32,14,3,Calories consumed,"Approximate regional-food estimate; recipe, oil, brand and portion can change nutrition"
Jharkhand,Sattu Sharbat,Drink,Veg,250,48.0,120,4,18,4,1,Calories consumed,"Approximate regional-food estimate; recipe, oil, brand and portion can change nutrition"
Jharkhand,Bamboo Shoot Curry,Main Dish,Veg,200,140.0,280,9,30,12,6,Calories consumed,"Approximate regional-food estimate; recipe, oil, brand and portion can change nutrition"
Jharkhand,Mutton Jhol,Meat,Non-Veg,180,194.4,350,32,3,25,2,Calories consumed,"Approximate regional-food estimate; recipe, oil, brand and portion can change nutrition"
Jharkhand,Chicken Jhol,Chicken,Non-Veg,180,166.7,300,33,5,18,2,Calories consumed,"Approximate regional-food estimate; recipe, oil, brand and portion can change nutrition"
Jharkhand,Fish Curry,Fish,Non-Veg,180,133.3,240,33,0,13,1,Calories consumed,"Approximate regional-food estimate; recipe, oil, brand and portion can change nutrition"
Karnataka,Bisi Bele Bath,Rice Dish,Veg,250,120.0,300,8,48,8,3,Calories consumed,"Approximate regional-food estimate; recipe, oil, brand and portion can change nutrition"
Karnataka,Mysore Masala Dosa,Breakfast,Veg,180,122.2,220,7,32,7,3,Calories consumed,"Approximate regional-food estimate; recipe, oil, brand and portion can change nutrition"
Karnataka,Ragi Mudde,Main Dish,Veg,200,140.0,280,9,30,12,6,Calories consumed,"Approximate regional-food estimate; recipe, oil, brand and portion can change nutrition"
Karnataka,Neer Dosa,Bread,Veg,80,312.5,250,7,42,7,3,Calories consumed,"Approximate regional-food estimate; recipe, oil, brand and portion can change nutrition"
Karnataka,Akki Roti,Bread,Veg,80,312.5,250,7,42,7,3,Calories consumed,"Approximate regional-food estimate; recipe, oil, brand and portion can change nutrition"
Karnataka,Mangalore Buns,Breakfast,Veg,180,122.2,220,7,32,7,3,Calories consumed,"Approximate regional-food estimate; recipe, oil, brand and portion can change nutrition"
Karnataka,Udupi Sambar,Curry,Veg,200,115.0,230,8,18,12,5,Calories consumed,"Approximate regional-food estimate; recipe, oil, brand and portion can change nutrition"
Karnataka,Kosambari,Salad,Veg,200,50.0,100,4,12,3,4,Calories consumed,"Approximate regional-food estimate; recipe, oil, brand and portion can change nutrition"
Karnataka,Vangi Bath,Rice Dish,Veg,250,120.0,300,8,48,8,3,Calories consumed,"Approximate regional-food estimate; recipe, oil, brand and portion can change nutrition"
Karnataka,Chitranna,Rice Dish,Veg,250,120.0,300,8,48,8,3,Calories consumed,"Approximate regional-food estimate; recipe, oil, brand and portion can change nutrition"
Karnataka,Mysore Pak,Sweet,Veg,75,400.0,300,5,42,12,2,Calories consumed,"Approximate regional-food estimate; recipe, oil, brand and portion can change nutrition"
Karnataka,Dharwad Peda,Sweet,Veg,75,400.0,300,5,42,12,2,Calories consumed,"Approximate regional-food estimate; recipe, oil, brand and portion can change nutrition"
Karnataka,Kori Gassi,Chicken,Non-Veg,180,166.7,300,33,5,18,2,Calories consumed,"Approximate regional-food estimate; recipe, oil, brand and portion can change nutrition"
Karnataka,Kundapura Chicken,Chicken,Non-Veg,180,166.7,300,33,5,18,2,Calories consumed,"Approximate regional-food estimate; recipe, oil, brand and portion can change nutrition"
Karnataka,Mangalorean Fish Curry,Fish,Non-Veg,180,133.3,240,33,0,13,1,Calories consumed,"Approximate regional-food estimate; recipe, oil, brand and portion can change nutrition"
Karnataka,Chicken Sukka,Chicken,Non-Veg,180,166.7,300,33,5,18,2,Calories consumed,"Approximate regional-food estimate; recipe, oil, brand and portion can change nutrition"
Karnataka,Prawn Ghee Roast,Seafood,Non-Veg,180,122.2,220,30,1,11,1,Calories consumed,"Approximate regional-food estimate; recipe, oil, brand and portion can change nutrition"
Kerala,Appam,Bread,Veg,80,312.5,250,7,42,7,3,Calories consumed,"Approximate regional-food estimate; recipe, oil, brand and portion can change nutrition"
Kerala,Puttu,Breakfast,Veg,180,122.2,220,7,32,7,3,Calories consumed,"Approximate regional-food estimate; recipe, oil, brand and portion can change nutrition"
Kerala,Idiyappam,Breakfast,Veg,180,122.2,220,7,32,7,3,Calories consumed,"Approximate regional-food estimate; recipe, oil, brand and portion can change nutrition"
Kerala,Avial,Main Dish,Veg,200,140.0,280,9,30,12,6,Calories consumed,"Approximate regional-food estimate; recipe, oil, brand and portion can change nutrition"
Kerala,Thoran,Vegetable,Veg,150,80.0,120,4,14,5,5,Calories consumed,"Approximate regional-food estimate; recipe, oil, brand and portion can change nutrition"
Kerala,Olan,Curry,Veg,200,115.0,230,8,18,12,5,Calories consumed,"Approximate regional-food estimate; recipe, oil, brand and portion can change nutrition"
Kerala,Pachadi,Side Dish,Veg,100,140.0,140,4,16,6,4,Calories consumed,"Approximate regional-food estimate; recipe, oil, brand and portion can change nutrition"
Kerala,Kerala Sadya,Thali,Veg,400,125.0,500,16,65,18,9,Calories consumed,"Approximate regional-food estimate; recipe, oil, brand and portion can change nutrition"
Kerala,Banana Chips,Snack,Veg,100,280.0,280,6,32,14,3,Calories consumed,"Approximate regional-food estimate; recipe, oil, brand and portion can change nutrition"
Kerala,Payasam,Sweet,Veg,75,400.0,300,5,42,12,2,Calories consumed,"Approximate regional-food estimate; recipe, oil, brand and portion can change nutrition"
Kerala,Unniyappam,Sweet,Veg,75,400.0,300,5,42,12,2,Calories consumed,"Approximate regional-food estimate; recipe, oil, brand and portion can change nutrition"
Kerala,Malabar Parotta,Bread,Veg,80,312.5,250,7,42,7,3,Calories consumed,"Approximate regional-food estimate; recipe, oil, brand and portion can change nutrition"
Kerala,Kerala Beef Fry,Meat,Non-Veg,180,194.4,350,32,3,25,2,Calories consumed,"Approximate regional-food estimate; recipe, oil, brand and portion can change nutrition"
Kerala,Kerala Chicken Curry,Chicken,Non-Veg,180,166.7,300,33,5,18,2,Calories consumed,"Approximate regional-food estimate; recipe, oil, brand and portion can change nutrition"
Kerala,Karimeen Pollichathu,Fish,Non-Veg,180,133.3,240,33,0,13,1,Calories consumed,"Approximate regional-food estimate; recipe, oil, brand and portion can change nutrition"
Kerala,Kerala Fish Curry,Fish,Non-Veg,180,133.3,240,33,0,13,1,Calories consumed,"Approximate regional-food estimate; recipe, oil, brand and portion can change nutrition"
Kerala,Prawn Roast,Seafood,Non-Veg,180,122.2,220,30,1,11,1,Calories consumed,"Approximate regional-food estimate; recipe, oil, brand and portion can change nutrition"
Kerala,Appam with Egg Curry,Breakfast,Non-Veg,180,122.2,220,15,32,7,3,Calories consumed,"Approximate regional-food estimate; recipe, oil, brand and portion can change nutrition"
Kerala,Malabar Chicken Biryani,Rice Dish,Non-Veg,250,120.0,300,16,48,8,3,Calories consumed,"Approximate regional-food estimate; recipe, oil, brand and portion can change nutrition"
Madhya Pradesh,Poha,Breakfast,Veg,180,122.2,220,7,32,7,3,Calories consumed,"Approximate regional-food estimate; recipe, oil, brand and portion can change nutrition"
Madhya Pradesh,Dal Bafla,Main Dish,Veg,200,140.0,280,9,30,12,6,Calories consumed,"Approximate regional-food estimate; recipe, oil, brand and portion can change nutrition"
Madhya Pradesh,Bhutte Ka Kees,Snack,Veg,100,280.0,280,6,32,14,3,Calories consumed,"Approximate regional-food estimate; recipe, oil, brand and portion can change nutrition"
Madhya Pradesh,Sabudana Khichdi,Breakfast,Veg,180,122.2,220,7,32,7,3,Calories consumed,"Approximate regional-food estimate; recipe, oil, brand and portion can change nutrition"
Madhya Pradesh,Indori Samosa,Snack,Veg,100,280.0,280,6,32,14,3,Calories consumed,"Approximate regional-food estimate; recipe, oil, brand and portion can change nutrition"
Madhya Pradesh,Indori Kachori,Snack,Veg,100,280.0,280,6,32,14,3,Calories consumed,"Approximate regional-food estimate; recipe, oil, brand and portion can change nutrition"
Madhya Pradesh,Indori Poha,Breakfast,Veg,180,122.2,220,7,32,7,3,Calories consumed,"Approximate regional-food estimate; recipe, oil, brand and portion can change nutrition"
Madhya Pradesh,Garadu,Snack,Veg,100,280.0,280,6,32,14,3,Calories consumed,"Approximate regional-food estimate; recipe, oil, brand and portion can change nutrition"
Madhya Pradesh,Mawa Bati,Sweet,Veg,75,400.0,300,5,42,12,2,Calories consumed,"Approximate regional-food estimate; recipe, oil, brand and portion can change nutrition"
Madhya Pradesh,Malpua,Sweet,Veg,75,400.0,300,5,42,12,2,Calories consumed,"Approximate regional-food estimate; recipe, oil, brand and portion can change nutrition"
Madhya Pradesh,Jalebi,Sweet,Veg,75,400.0,300,5,42,12,2,Calories consumed,"Approximate regional-food estimate; recipe, oil, brand and portion can change nutrition"
Madhya Pradesh,Bhopali Gosht,Meat,Non-Veg,180,194.4,350,32,3,25,2,Calories consumed,"Approximate regional-food estimate; recipe, oil, brand and portion can change nutrition"
Madhya Pradesh,Bhopali Chicken,Chicken,Non-Veg,180,166.7,300,33,5,18,2,Calories consumed,"Approximate regional-food estimate; recipe, oil, brand and portion can change nutrition"
Madhya Pradesh,Mutton Korma,Meat,Non-Veg,180,194.4,350,32,3,25,2,Calories consumed,"Approximate regional-food estimate; recipe, oil, brand and portion can change nutrition"
Maharashtra,Vada Pav,Street Food,Veg,180,194.4,350,8,45,15,5,Calories consumed,"Approximate regional-food estimate; recipe, oil, brand and portion can change nutrition"
Maharashtra,Misal Pav,Street Food,Veg,180,194.4,350,8,45,15,5,Calories consumed,"Approximate regional-food estimate; recipe, oil, brand and portion can change nutrition"
Maharashtra,Pav Bhaji,Street Food,Veg,180,194.4,350,8,45,15,5,Calories consumed,"Approximate regional-food estimate; recipe, oil, brand and portion can change nutrition"
Maharashtra,Poha,Breakfast,Veg,180,122.2,220,7,32,7,3,Calories consumed,"Approximate regional-food estimate; recipe, oil, brand and portion can change nutrition"
Maharashtra,Sabudana Vada,Snack,Veg,100,280.0,280,6,32,14,3,Calories consumed,"Approximate regional-food estimate; recipe, oil, brand and portion can change nutrition"
Maharashtra,Sabudana Khichdi,Breakfast,Veg,180,122.2,220,7,32,7,3,Calories consumed,"Approximate regional-food estimate; recipe, oil, brand and portion can change nutrition"
Maharashtra,Thalipeeth,Bread,Veg,80,312.5,250,7,42,7,3,Calories consumed,"Approximate regional-food estimate; recipe, oil, brand and portion can change nutrition"
Maharashtra,Puran Poli,Sweet,Veg,75,400.0,300,5,42,12,2,Calories consumed,"Approximate regional-food estimate; recipe, oil, brand and portion can change nutrition"
Maharashtra,Modak,Sweet,Veg,75,400.0,300,5,42,12,2,Calories consumed,"Approximate regional-food estimate; recipe, oil, brand and portion can change nutrition"
Maharashtra,Bharli Vangi,Main Dish,Veg,200,140.0,280,9,30,12,6,Calories consumed,"Approximate regional-food estimate; recipe, oil, brand and portion can change nutrition"
Maharashtra,Batata Vada,Snack,Veg,100,280.0,280,6,32,14,3,Calories consumed,"Approximate regional-food estimate; recipe, oil, brand and portion can change nutrition"
Maharashtra,Kothimbir Vadi,Snack,Veg,100,280.0,280,6,32,14,3,Calories consumed,"Approximate regional-food estimate; recipe, oil, brand and portion can change nutrition"
Maharashtra,Pithla Bhakri,Main Dish,Veg,200,140.0,280,9,30,12,6,Calories consumed,"Approximate regional-food estimate; recipe, oil, brand and portion can change nutrition"
Maharashtra,Sol Kadhi,Drink,Veg,250,48.0,120,4,18,4,1,Calories consumed,"Approximate regional-food estimate; recipe, oil, brand and portion can change nutrition"
Maharashtra,Kolhapuri Misal,Street Food,Veg,180,194.4,350,8,45,15,5,Calories consumed,"Approximate regional-food estimate; recipe, oil, brand and portion can change nutrition"
Maharashtra,Kolhapuri Chicken,Chicken,Non-Veg,180,166.7,300,33,5,18,2,Calories consumed,"Approximate regional-food estimate; recipe, oil, brand and portion can change nutrition"
Maharashtra,Kolhapuri Mutton,Meat,Non-Veg,180,194.4,350,32,3,25,2,Calories consumed,"Approximate regional-food estimate; recipe, oil, brand and portion can change nutrition"
Maharashtra,Bombay Duck Fry,Fish,Non-Veg,180,133.3,240,33,0,13,1,Calories consumed,"Approximate regional-food estimate; recipe, oil, brand and portion can change nutrition"
Maharashtra,Malvani Fish Curry,Fish,Non-Veg,180,133.3,240,33,0,13,1,Calories consumed,"Approximate regional-food estimate; recipe, oil, brand and portion can change nutrition"
Maharashtra,Malvani Chicken,Chicken,Non-Veg,180,166.7,300,33,5,18,2,Calories consumed,"Approximate regional-food estimate; recipe, oil, brand and portion can change nutrition"
Maharashtra,Prawn Masala,Seafood,Non-Veg,180,122.2,220,30,1,11,1,Calories consumed,"Approximate regional-food estimate; recipe, oil, brand and portion can change nutrition"
Manipur,Eromba,Main Dish,Veg,200,140.0,280,9,30,12,6,Calories consumed,"Approximate regional-food estimate; recipe, oil, brand and portion can change nutrition"
Manipur,Singju,Salad,Veg,200,50.0,100,4,12,3,4,Calories consumed,"Approximate regional-food estimate; recipe, oil, brand and portion can change nutrition"
Manipur,Kangshoi,Curry,Veg,200,115.0,230,8,18,12,5,Calories consumed,"Approximate regional-food estimate; recipe, oil, brand and portion can change nutrition"
Manipur,Chamthong,Curry,Veg,200,115.0,230,8,18,12,5,Calories consumed,"Approximate regional-food estimate; recipe, oil, brand and portion can change nutrition"
Manipur,Paknam,Snack,Veg,100,280.0,280,6,32,14,3,Calories consumed,"Approximate regional-food estimate; recipe, oil, brand and portion can change nutrition"
Manipur,Chak Hao,Rice Dish,Veg,250,120.0,300,8,48,8,3,Calories consumed,"Approximate regional-food estimate; recipe, oil, brand and portion can change nutrition"
Manipur,Manipuri Black Rice Pudding,Sweet,Veg,75,400.0,300,5,42,12,2,Calories consumed,"Approximate regional-food estimate; recipe, oil, brand and portion can change nutrition"
Manipur,Nga Thongba,Fish,Non-Veg,180,133.3,240,33,0,13,1,Calories consumed,"Approximate regional-food estimate; recipe, oil, brand and portion can change nutrition"
Manipur,Ooti with Fish,Fish,Non-Veg,180,133.3,240,33,0,13,1,Calories consumed,"Approximate regional-food estimate; recipe, oil, brand and portion can change nutrition"
Manipur,Chicken Curry,Chicken,Non-Veg,180,166.7,300,33,5,18,2,Calories consumed,"Approximate regional-food estimate; recipe, oil, brand and portion can change nutrition"
Meghalaya,Jadoh,Rice Dish,Non-Veg,250,120.0,300,16,48,8,3,Calories consumed,"Approximate regional-food estimate; recipe, oil, brand and portion can change nutrition"
Meghalaya,Dohneiihong,Meat,Non-Veg,180,194.4,350,32,3,25,2,Calories consumed,"Approximate regional-food estimate; recipe, oil, brand and portion can change nutrition"
Meghalaya,Dohkhlieh,Meat,Non-Veg,180,194.4,350,32,3,25,2,Calories consumed,"Approximate regional-food estimate; recipe, oil, brand and portion can change nutrition"
Meghalaya,Nakham Bitchi,Soup,Non-Veg,250,44.0,110,14,12,4,3,Calories consumed,"Approximate regional-food estimate; recipe, oil, brand and portion can change nutrition"
Meghalaya,Pukhlein,Sweet,Veg,75,400.0,300,5,42,12,2,Calories consumed,"Approximate regional-food estimate; recipe, oil, brand and portion can change nutrition"
Meghalaya,Tungrymbai,Main Dish,Veg,200,140.0,280,9,30,12,6,Calories consumed,"Approximate regional-food estimate; recipe, oil, brand and portion can change nutrition"
Meghalaya,Dohjem,Meat,Non-Veg,180,194.4,350,32,3,25,2,Calories consumed,"Approximate regional-food estimate; recipe, oil, brand and portion can change nutrition"
Meghalaya,Pumaloi,Bread,Veg,80,312.5,250,7,42,7,3,Calories consumed,"Approximate regional-food estimate; recipe, oil, brand and portion can change nutrition"
Meghalaya,Putharo,Bread,Veg,80,312.5,250,7,42,7,3,Calories consumed,"Approximate regional-food estimate; recipe, oil, brand and portion can change nutrition"
Mizoram,Bai,Main Dish,Veg,200,140.0,280,9,30,12,6,Calories consumed,"Approximate regional-food estimate; recipe, oil, brand and portion can change nutrition"
Mizoram,Sawhchiar,Rice Dish,Non-Veg,250,120.0,300,16,48,8,3,Calories consumed,"Approximate regional-food estimate; recipe, oil, brand and portion can change nutrition"
Mizoram,Vawksa Rep,Meat,Non-Veg,180,194.4,350,32,3,25,2,Calories consumed,"Approximate regional-food estimate; recipe, oil, brand and portion can change nutrition"
Mizoram,Misa Mach Poora,Fish,Non-Veg,180,133.3,240,33,0,13,1,Calories consumed,"Approximate regional-food estimate; recipe, oil, brand and portion can change nutrition"
Mizoram,Bamboo Shoot Curry,Main Dish,Veg,200,140.0,280,9,30,12,6,Calories consumed,"Approximate regional-food estimate; recipe, oil, brand and portion can change nutrition"
Mizoram,Chhum Han,Vegetable,Veg,150,80.0,120,4,14,5,5,Calories consumed,"Approximate regional-food estimate; recipe, oil, brand and portion can change nutrition"
Mizoram,Mizo Rice,Rice Dish,Veg,250,120.0,300,8,48,8,3,Calories consumed,"Approximate regional-food estimate; recipe, oil, brand and portion can change nutrition"
Mizoram,Mizo Chicken,Chicken,Non-Veg,180,166.7,300,33,5,18,2,Calories consumed,"Approximate regional-food estimate; recipe, oil, brand and portion can change nutrition"
Nagaland,Axone Pork,Meat,Non-Veg,180,194.4,350,32,3,25,2,Calories consumed,"Approximate regional-food estimate; recipe, oil, brand and portion can change nutrition"
Nagaland,Smoked Pork with Bamboo Shoot,Meat,Non-Veg,180,194.4,350,32,3,25,2,Calories consumed,"Approximate regional-food estimate; recipe, oil, brand and portion can change nutrition"
Nagaland,Naga Pork Curry,Meat,Non-Veg,180,194.4,350,32,3,25,2,Calories consumed,"Approximate regional-food estimate; recipe, oil, brand and portion can change nutrition"
Nagaland,Naga Chicken,Chicken,Non-Veg,180,166.7,300,33,5,18,2,Calories consumed,"Approximate regional-food estimate; recipe, oil, brand and portion can change nutrition"
Nagaland,Fish with Bamboo Shoot,Fish,Non-Veg,180,133.3,240,33,0,13,1,Calories consumed,"Approximate regional-food estimate; recipe, oil, brand and portion can change nutrition"
Nagaland,Galho,Rice Dish,Veg,250,120.0,300,8,48,8,3,Calories consumed,"Approximate regional-food estimate; recipe, oil, brand and portion can change nutrition"
Nagaland,Bamboo Shoot Fry,Vegetable,Veg,150,80.0,120,4,14,5,5,Calories consumed,"Approximate regional-food estimate; recipe, oil, brand and portion can change nutrition"
Nagaland,Naga Chutney,Chutney,Veg,50,200.0,100,2,8,6,3,Calories consumed,"Approximate regional-food estimate; recipe, oil, brand and portion can change nutrition"
Nagaland,Sticky Rice,Rice Dish,Veg,250,120.0,300,8,48,8,3,Calories consumed,"Approximate regional-food estimate; recipe, oil, brand and portion can change nutrition"
Odisha,Dalma,Main Dish,Veg,200,140.0,280,9,30,12,6,Calories consumed,"Approximate regional-food estimate; recipe, oil, brand and portion can change nutrition"
Odisha,Pakhala Bhata,Rice Dish,Veg,250,120.0,300,8,48,8,3,Calories consumed,"Approximate regional-food estimate; recipe, oil, brand and portion can change nutrition"
Odisha,Dahi Pakhala,Rice Dish,Veg,250,120.0,300,8,48,8,3,Calories consumed,"Approximate regional-food estimate; recipe, oil, brand and portion can change nutrition"
Odisha,Santula,Vegetable,Veg,150,80.0,120,4,14,5,5,Calories consumed,"Approximate regional-food estimate; recipe, oil, brand and portion can change nutrition"
Odisha,Besara,Curry,Veg,200,115.0,230,8,18,12,5,Calories consumed,"Approximate regional-food estimate; recipe, oil, brand and portion can change nutrition"
Odisha,Chhena Poda,Sweet,Veg,75,400.0,300,5,42,12,2,Calories consumed,"Approximate regional-food estimate; recipe, oil, brand and portion can change nutrition"
Odisha,Rasabali,Sweet,Veg,75,400.0,300,5,42,12,2,Calories consumed,"Approximate regional-food estimate; recipe, oil, brand and portion can change nutrition"
Odisha,Chhena Gaja,Sweet,Veg,75,400.0,300,5,42,12,2,Calories consumed,"Approximate regional-food estimate; recipe, oil, brand and portion can change nutrition"
Odisha,Khaja,Sweet,Veg,75,400.0,300,5,42,12,2,Calories consumed,"Approximate regional-food estimate; recipe, oil, brand and portion can change nutrition"
Odisha,Dahibara Aloodum,Street Food,Veg,180,194.4,350,8,45,15,5,Calories consumed,"Approximate regional-food estimate; recipe, oil, brand and portion can change nutrition"
Odisha,Macha Ghanta,Fish,Non-Veg,180,133.3,240,33,0,13,1,Calories consumed,"Approximate regional-food estimate; recipe, oil, brand and portion can change nutrition"
Odisha,Macha Besara,Fish,Non-Veg,180,133.3,240,33,0,13,1,Calories consumed,"Approximate regional-food estimate; recipe, oil, brand and portion can change nutrition"
Odisha,Chingudi Malai,Seafood,Non-Veg,180,122.2,220,30,1,11,1,Calories consumed,"Approximate regional-food estimate; recipe, oil, brand and portion can change nutrition"
Odisha,Macha Tarkari,Fish,Non-Veg,180,133.3,240,33,0,13,1,Calories consumed,"Approximate regional-food estimate; recipe, oil, brand and portion can change nutrition"
Punjab,Sarson Saag,Main Dish,Veg,200,140.0,280,9,30,12,6,Calories consumed,"Approximate regional-food estimate; recipe, oil, brand and portion can change nutrition"
Punjab,Makki Di Roti,Bread,Veg,80,312.5,250,7,42,7,3,Calories consumed,"Approximate regional-food estimate; recipe, oil, brand and portion can change nutrition"
Punjab,Chole Bhature,Street Food,Veg,180,194.4,350,8,45,15,5,Calories consumed,"Approximate regional-food estimate; recipe, oil, brand and portion can change nutrition"
Punjab,Amritsari Kulcha,Bread,Veg,80,312.5,250,7,42,7,3,Calories consumed,"Approximate regional-food estimate; recipe, oil, brand and portion can change nutrition"
Punjab,Rajma Chawal,Main Dish,Veg,200,140.0,280,9,30,12,6,Calories consumed,"Approximate regional-food estimate; recipe, oil, brand and portion can change nutrition"
Punjab,Dal Makhani,Curry,Veg,200,115.0,230,8,18,12,5,Calories consumed,"Approximate regional-food estimate; recipe, oil, brand and portion can change nutrition"
Punjab,Paneer Tikka,Starter,Veg,100,250.0,250,8,30,10,3,Calories consumed,"Approximate regional-food estimate; recipe, oil, brand and portion can change nutrition"
Punjab,Paneer Butter Masala,Curry,Veg,200,115.0,230,8,18,12,5,Calories consumed,"Approximate regional-food estimate; recipe, oil, brand and portion can change nutrition"
Punjab,Aloo Paratha,Bread,Veg,80,312.5,250,7,42,7,3,Calories consumed,"Approximate regional-food estimate; recipe, oil, brand and portion can change nutrition"
Punjab,Lassi,Drink,Veg,250,48.0,120,4,18,4,1,Calories consumed,"Approximate regional-food estimate; recipe, oil, brand and portion can change nutrition"
Punjab,Gajar Halwa,Sweet,Veg,75,400.0,300,5,42,12,2,Calories consumed,"Approximate regional-food estimate; recipe, oil, brand and portion can change nutrition"
Punjab,Pinni,Sweet,Veg,75,400.0,300,5,42,12,2,Calories consumed,"Approximate regional-food estimate; recipe, oil, brand and portion can change nutrition"
Punjab,Butter Chicken,Chicken,Non-Veg,180,166.7,300,33,5,18,2,Calories consumed,"Approximate regional-food estimate; recipe, oil, brand and portion can change nutrition"
Punjab,Tandoori Chicken,Chicken,Non-Veg,180,166.7,300,33,5,18,2,Calories consumed,"Approximate regional-food estimate; recipe, oil, brand and portion can change nutrition"
Punjab,Amritsari Fish,Fish,Non-Veg,180,133.3,240,33,0,13,1,Calories consumed,"Approximate regional-food estimate; recipe, oil, brand and portion can change nutrition"
Punjab,Chicken Tikka,Chicken,Non-Veg,180,166.7,300,33,5,18,2,Calories consumed,"Approximate regional-food estimate; recipe, oil, brand and portion can change nutrition"
Punjab,Mutton Tikka,Meat,Non-Veg,180,194.4,350,32,3,25,2,Calories consumed,"Approximate regional-food estimate; recipe, oil, brand and portion can change nutrition"
Punjab,Mutton Curry,Meat,Non-Veg,180,194.4,350,32,3,25,2,Calories consumed,"Approximate regional-food estimate; recipe, oil, brand and portion can change nutrition"
Rajasthan,Dal Baati Churma,Main Dish,Veg,200,140.0,280,9,30,12,6,Calories consumed,"Approximate regional-food estimate; recipe, oil, brand and portion can change nutrition"
Rajasthan,Dal Baati,Main Dish,Veg,200,140.0,280,9,30,12,6,Calories consumed,"Approximate regional-food estimate; recipe, oil, brand and portion can change nutrition"
Rajasthan,Gatte Ki Sabzi,Curry,Veg,200,115.0,230,8,18,12,5,Calories consumed,"Approximate regional-food estimate; recipe, oil, brand and portion can change nutrition"
Rajasthan,Ker Sangri,Main Dish,Veg,200,140.0,280,9,30,12,6,Calories consumed,"Approximate regional-food estimate; recipe, oil, brand and portion can change nutrition"
Rajasthan,Bajre Ki Roti,Bread,Veg,80,312.5,250,7,42,7,3,Calories consumed,"Approximate regional-food estimate; recipe, oil, brand and portion can change nutrition"
Rajasthan,Pyaz Ki Kachori,Snack,Veg,100,280.0,280,6,32,14,3,Calories consumed,"Approximate regional-food estimate; recipe, oil, brand and portion can change nutrition"
Rajasthan,Mirchi Vada,Snack,Veg,100,280.0,280,6,32,14,3,Calories consumed,"Approximate regional-food estimate; recipe, oil, brand and portion can change nutrition"
Rajasthan,Makhaniya Lassi,Drink,Veg,250,48.0,120,4,18,4,1,Calories consumed,"Approximate regional-food estimate; recipe, oil, brand and portion can change nutrition"
Rajasthan,Ghevar,Sweet,Veg,75,400.0,300,5,42,12,2,Calories consumed,"Approximate regional-food estimate; recipe, oil, brand and portion can change nutrition"
Rajasthan,Mohanthal,Sweet,Veg,75,400.0,300,5,42,12,2,Calories consumed,"Approximate regional-food estimate; recipe, oil, brand and portion can change nutrition"
Rajasthan,Churma,Sweet,Veg,75,400.0,300,5,42,12,2,Calories consumed,"Approximate regional-food estimate; recipe, oil, brand and portion can change nutrition"
Rajasthan,Pyaaz Kachori,Snack,Veg,100,280.0,280,6,32,14,3,Calories consumed,"Approximate regional-food estimate; recipe, oil, brand and portion can change nutrition"
Rajasthan,Rajasthani Kadhi,Curry,Veg,200,115.0,230,8,18,12,5,Calories consumed,"Approximate regional-food estimate; recipe, oil, brand and portion can change nutrition"
Rajasthan,Bajra Khichdi,Main Dish,Veg,200,140.0,280,9,30,12,6,Calories consumed,"Approximate regional-food estimate; recipe, oil, brand and portion can change nutrition"
Rajasthan,Laal Maas,Meat,Non-Veg,180,194.4,350,32,3,25,2,Calories consumed,"Approximate regional-food estimate; recipe, oil, brand and portion can change nutrition"
Rajasthan,Safed Maas,Meat,Non-Veg,180,194.4,350,32,3,25,2,Calories consumed,"Approximate regional-food estimate; recipe, oil, brand and portion can change nutrition"
Rajasthan,Junglee Maas,Meat,Non-Veg,180,194.4,350,32,3,25,2,Calories consumed,"Approximate regional-food estimate; recipe, oil, brand and portion can change nutrition"
Rajasthan,Rajasthani Chicken,Chicken,Non-Veg,180,166.7,300,33,5,18,2,Calories consumed,"Approximate regional-food estimate; recipe, oil, brand and portion can change nutrition"
Sikkim,Momos,Snack,Veg,100,280.0,280,6,32,14,3,Calories consumed,"Approximate regional-food estimate; recipe, oil, brand and portion can change nutrition"
Sikkim,Thukpa,Noodles,Veg,250,120.0,300,9,45,9,3,Calories consumed,"Approximate regional-food estimate; recipe, oil, brand and portion can change nutrition"
Sikkim,Gundruk Soup,Soup,Veg,250,44.0,110,6,12,4,3,Calories consumed,"Approximate regional-food estimate; recipe, oil, brand and portion can change nutrition"
Sikkim,Kinema Curry,Main Dish,Veg,200,140.0,280,9,30,12,6,Calories consumed,"Approximate regional-food estimate; recipe, oil, brand and portion can change nutrition"
Sikkim,Sel Roti,Bread,Veg,80,312.5,250,7,42,7,3,Calories consumed,"Approximate regional-food estimate; recipe, oil, brand and portion can change nutrition"
Sikkim,Chhurpi,Dairy,Veg,100,180.0,180,10,8,12,0,Calories consumed,"Approximate regional-food estimate; recipe, oil, brand and portion can change nutrition"
Sikkim,Phagshapa,Meat,Non-Veg,180,194.4,350,32,3,25,2,Calories consumed,"Approximate regional-food estimate; recipe, oil, brand and portion can change nutrition"
Sikkim,Sikkimese Pork Curry,Meat,Non-Veg,180,194.4,350,32,3,25,2,Calories consumed,"Approximate regional-food estimate; recipe, oil, brand and portion can change nutrition"
Sikkim,Pork Momos,Snack,Non-Veg,100,280.0,280,14,32,14,3,Calories consumed,"Approximate regional-food estimate; recipe, oil, brand and portion can change nutrition"
Sikkim,Chicken Thukpa,Noodles,Non-Veg,250,120.0,300,17,45,9,3,Calories consumed,"Approximate regional-food estimate; recipe, oil, brand and portion can change nutrition"
Sikkim,Sha Phal,Meat,Non-Veg,180,194.4,350,32,3,25,2,Calories consumed,"Approximate regional-food estimate; recipe, oil, brand and portion can change nutrition"
Tamil Nadu,Idli,Breakfast,Veg,180,122.2,220,7,32,7,3,Calories consumed,"Approximate regional-food estimate; recipe, oil, brand and portion can change nutrition"
Tamil Nadu,Dosa,Breakfast,Veg,180,122.2,220,7,32,7,3,Calories consumed,"Approximate regional-food estimate; recipe, oil, brand and portion can change nutrition"
Tamil Nadu,Masala Dosa,Breakfast,Veg,180,122.2,220,7,32,7,3,Calories consumed,"Approximate regional-food estimate; recipe, oil, brand and portion can change nutrition"
Tamil Nadu,Pongal,Breakfast,Veg,180,122.2,220,7,32,7,3,Calories consumed,"Approximate regional-food estimate; recipe, oil, brand and portion can change nutrition"
Tamil Nadu,Upma,Breakfast,Veg,180,122.2,220,7,32,7,3,Calories consumed,"Approximate regional-food estimate; recipe, oil, brand and portion can change nutrition"
Tamil Nadu,Uttapam,Breakfast,Veg,180,122.2,220,7,32,7,3,Calories consumed,"Approximate regional-food estimate; recipe, oil, brand and portion can change nutrition"
Tamil Nadu,Vada,Snack,Veg,100,280.0,280,6,32,14,3,Calories consumed,"Approximate regional-food estimate; recipe, oil, brand and portion can change nutrition"
Tamil Nadu,Sambar,Curry,Veg,200,115.0,230,8,18,12,5,Calories consumed,"Approximate regional-food estimate; recipe, oil, brand and portion can change nutrition"
Tamil Nadu,Rasam,Curry,Veg,200,115.0,230,8,18,12,5,Calories consumed,"Approximate regional-food estimate; recipe, oil, brand and portion can change nutrition"
Tamil Nadu,Curd Rice,Rice Dish,Veg,250,120.0,300,8,48,8,3,Calories consumed,"Approximate regional-food estimate; recipe, oil, brand and portion can change nutrition"
Tamil Nadu,Lemon Rice,Rice Dish,Veg,250,120.0,300,8,48,8,3,Calories consumed,"Approximate regional-food estimate; recipe, oil, brand and portion can change nutrition"
Tamil Nadu,Tamarind Rice,Rice Dish,Veg,250,120.0,300,8,48,8,3,Calories consumed,"Approximate regional-food estimate; recipe, oil, brand and portion can change nutrition"
Tamil Nadu,Kootu,Curry,Veg,200,115.0,230,8,18,12,5,Calories consumed,"Approximate regional-food estimate; recipe, oil, brand and portion can change nutrition"
Tamil Nadu,Poriyal,Vegetable,Veg,150,80.0,120,4,14,5,5,Calories consumed,"Approximate regional-food estimate; recipe, oil, brand and portion can change nutrition"
Tamil Nadu,Avial,Main Dish,Veg,200,140.0,280,9,30,12,6,Calories consumed,"Approximate regional-food estimate; recipe, oil, brand and portion can change nutrition"
Tamil Nadu,Payasam,Sweet,Veg,75,400.0,300,5,42,12,2,Calories consumed,"Approximate regional-food estimate; recipe, oil, brand and portion can change nutrition"
Tamil Nadu,Murukku,Snack,Veg,100,280.0,280,6,32,14,3,Calories consumed,"Approximate regional-food estimate; recipe, oil, brand and portion can change nutrition"
Tamil Nadu,Paniyaram,Snack,Veg,100,280.0,280,6,32,14,3,Calories consumed,"Approximate regional-food estimate; recipe, oil, brand and portion can change nutrition"
Tamil Nadu,Parotta,Bread,Veg,80,312.5,250,7,42,7,3,Calories consumed,"Approximate regional-food estimate; recipe, oil, brand and portion can change nutrition"
Tamil Nadu,Chettinad Chicken,Chicken,Non-Veg,180,166.7,300,33,5,18,2,Calories consumed,"Approximate regional-food estimate; recipe, oil, brand and portion can change nutrition"
Tamil Nadu,Chicken 65,Chicken,Non-Veg,180,166.7,300,33,5,18,2,Calories consumed,"Approximate regional-food estimate; recipe, oil, brand and portion can change nutrition"
Tamil Nadu,Chettinad Mutton,Meat,Non-Veg,180,194.4,350,32,3,25,2,Calories consumed,"Approximate regional-food estimate; recipe, oil, brand and portion can change nutrition"
Tamil Nadu,Meen Kuzhambu,Fish,Non-Veg,180,133.3,240,33,0,13,1,Calories consumed,"Approximate regional-food estimate; recipe, oil, brand and portion can change nutrition"
Tamil Nadu,Fish Fry,Fish,Non-Veg,180,133.3,240,33,0,13,1,Calories consumed,"Approximate regional-food estimate; recipe, oil, brand and portion can change nutrition"
Tamil Nadu,Nethili Fry,Fish,Non-Veg,180,133.3,240,33,0,13,1,Calories consumed,"Approximate regional-food estimate; recipe, oil, brand and portion can change nutrition"
Tamil Nadu,Prawn Masala,Seafood,Non-Veg,180,122.2,220,30,1,11,1,Calories consumed,"Approximate regional-food estimate; recipe, oil, brand and portion can change nutrition"
Tamil Nadu,Egg Kothu Parotta,Egg,Non-Veg,100,220.0,220,23,0,15,1,Calories consumed,"Approximate regional-food estimate; recipe, oil, brand and portion can change nutrition"
Telangana,Hyderabadi Biryani,Rice Dish,Non-Veg,250,120.0,300,16,48,8,3,Calories consumed,"Approximate regional-food estimate; recipe, oil, brand and portion can change nutrition"
Telangana,Haleem,Main Dish,Non-Veg,200,140.0,280,17,30,12,6,Calories consumed,"Approximate regional-food estimate; recipe, oil, brand and portion can change nutrition"
Telangana,Mirchi Bajji,Snack,Veg,100,280.0,280,6,32,14,3,Calories consumed,"Approximate regional-food estimate; recipe, oil, brand and portion can change nutrition"
Telangana,Sarva Pindi,Bread,Veg,80,312.5,250,7,42,7,3,Calories consumed,"Approximate regional-food estimate; recipe, oil, brand and portion can change nutrition"
Telangana,Sakinalu,Snack,Veg,100,280.0,280,6,32,14,3,Calories consumed,"Approximate regional-food estimate; recipe, oil, brand and portion can change nutrition"
Telangana,Jonna Roti,Bread,Veg,80,312.5,250,7,42,7,3,Calories consumed,"Approximate regional-food estimate; recipe, oil, brand and portion can change nutrition"
Telangana,Pesarattu,Breakfast,Veg,180,122.2,220,7,32,7,3,Calories consumed,"Approximate regional-food estimate; recipe, oil, brand and portion can change nutrition"
Telangana,Gongura Pachadi,Chutney,Veg,50,200.0,100,2,8,6,3,Calories consumed,"Approximate regional-food estimate; recipe, oil, brand and portion can change nutrition"
Telangana,Bagara Rice,Rice Dish,Veg,250,120.0,300,8,48,8,3,Calories consumed,"Approximate regional-food estimate; recipe, oil, brand and portion can change nutrition"
Telangana,Hyderabadi Khatti Dal,Curry,Veg,200,115.0,230,8,18,12,5,Calories consumed,"Approximate regional-food estimate; recipe, oil, brand and portion can change nutrition"
Telangana,Qubani Ka Meetha,Sweet,Veg,75,400.0,300,5,42,12,2,Calories consumed,"Approximate regional-food estimate; recipe, oil, brand and portion can change nutrition"
Telangana,Double Ka Meetha,Sweet,Veg,75,400.0,300,5,42,12,2,Calories consumed,"Approximate regional-food estimate; recipe, oil, brand and portion can change nutrition"
Telangana,Chicken 65,Chicken,Non-Veg,180,166.7,300,33,5,18,2,Calories consumed,"Approximate regional-food estimate; recipe, oil, brand and portion can change nutrition"
Telangana,Hyderabadi Chicken,Chicken,Non-Veg,180,166.7,300,33,5,18,2,Calories consumed,"Approximate regional-food estimate; recipe, oil, brand and portion can change nutrition"
Telangana,Mutton Biryani,Rice Dish,Non-Veg,250,120.0,300,16,48,8,3,Calories consumed,"Approximate regional-food estimate; recipe, oil, brand and portion can change nutrition"
Telangana,Talawa Gosht,Meat,Non-Veg,180,194.4,350,32,3,25,2,Calories consumed,"Approximate regional-food estimate; recipe, oil, brand and portion can change nutrition"
Telangana,Fish Fry,Fish,Non-Veg,180,133.3,240,33,0,13,1,Calories consumed,"Approximate regional-food estimate; recipe, oil, brand and portion can change nutrition"
Tripura,Mui Borok,Main Dish,Veg,200,140.0,280,9,30,12,6,Calories consumed,"Approximate regional-food estimate; recipe, oil, brand and portion can change nutrition"
Tripura,Chakhwi,Main Dish,Veg,200,140.0,280,9,30,12,6,Calories consumed,"Approximate regional-food estimate; recipe, oil, brand and portion can change nutrition"
Tripura,Mosdeng Serma,Chutney,Veg,50,200.0,100,2,8,6,3,Calories consumed,"Approximate regional-food estimate; recipe, oil, brand and portion can change nutrition"
Tripura,Gudok,Main Dish,Non-Veg,200,140.0,280,17,30,12,6,Calories consumed,"Approximate regional-food estimate; recipe, oil, brand and portion can change nutrition"
Tripura,Wahan Mosdeng,Meat,Non-Veg,180,194.4,350,32,3,25,2,Calories consumed,"Approximate regional-food estimate; recipe, oil, brand and portion can change nutrition"
Tripura,Berma Chutney,Seafood,Non-Veg,180,122.2,220,30,1,11,1,Calories consumed,"Approximate regional-food estimate; recipe, oil, brand and portion can change nutrition"
Tripura,Bhangui,Rice Dish,Veg,250,120.0,300,8,48,8,3,Calories consumed,"Approximate regional-food estimate; recipe, oil, brand and portion can change nutrition"
Tripura,Awandru,Main Dish,Veg,200,140.0,280,9,30,12,6,Calories consumed,"Approximate regional-food estimate; recipe, oil, brand and portion can change nutrition"
Tripura,Chicken Curry,Chicken,Non-Veg,180,166.7,300,33,5,18,2,Calories consumed,"Approximate regional-food estimate; recipe, oil, brand and portion can change nutrition"
Uttar Pradesh,Awadhi Biryani,Rice Dish,Non-Veg,250,120.0,300,16,48,8,3,Calories consumed,"Approximate regional-food estimate; recipe, oil, brand and portion can change nutrition"
Uttar Pradesh,Lucknowi Biryani,Rice Dish,Non-Veg,250,120.0,300,16,48,8,3,Calories consumed,"Approximate regional-food estimate; recipe, oil, brand and portion can change nutrition"
Uttar Pradesh,Tunday Kababi,Meat,Non-Veg,180,194.4,350,32,3,25,2,Calories consumed,"Approximate regional-food estimate; recipe, oil, brand and portion can change nutrition"
Uttar Pradesh,Galouti Kebab,Meat,Non-Veg,180,194.4,350,32,3,25,2,Calories consumed,"Approximate regional-food estimate; recipe, oil, brand and portion can change nutrition"
Uttar Pradesh,Shami Kebab,Meat,Non-Veg,180,194.4,350,32,3,25,2,Calories consumed,"Approximate regional-food estimate; recipe, oil, brand and portion can change nutrition"
Uttar Pradesh,Kakori Kebab,Meat,Non-Veg,180,194.4,350,32,3,25,2,Calories consumed,"Approximate regional-food estimate; recipe, oil, brand and portion can change nutrition"
Uttar Pradesh,Nihari,Meat,Non-Veg,180,194.4,350,32,3,25,2,Calories consumed,"Approximate regional-food estimate; recipe, oil, brand and portion can change nutrition"
Uttar Pradesh,Korma,Meat,Non-Veg,180,194.4,350,32,3,25,2,Calories consumed,"Approximate regional-food estimate; recipe, oil, brand and portion can change nutrition"
Uttar Pradesh,Bedai,Breakfast,Veg,180,122.2,220,7,32,7,3,Calories consumed,"Approximate regional-food estimate; recipe, oil, brand and portion can change nutrition"
Uttar Pradesh,Kachori Sabzi,Breakfast,Veg,180,122.2,220,7,32,7,3,Calories consumed,"Approximate regional-food estimate; recipe, oil, brand and portion can change nutrition"
Uttar Pradesh,Banarasi Kachori,Snack,Veg,100,280.0,280,6,32,14,3,Calories consumed,"Approximate regional-food estimate; recipe, oil, brand and portion can change nutrition"
Uttar Pradesh,Banarasi Tamatar Chaat,Street Food,Veg,180,194.4,350,8,45,15,5,Calories consumed,"Approximate regional-food estimate; recipe, oil, brand and portion can change nutrition"
Uttar Pradesh,Aloo Tikki,Street Food,Veg,180,194.4,350,8,45,15,5,Calories consumed,"Approximate regional-food estimate; recipe, oil, brand and portion can change nutrition"
Uttar Pradesh,Banarasi Paan,Snack,Veg,100,280.0,280,6,32,14,3,Calories consumed,"Approximate regional-food estimate; recipe, oil, brand and portion can change nutrition"
Uttar Pradesh,Petha,Sweet,Veg,75,400.0,300,5,42,12,2,Calories consumed,"Approximate regional-food estimate; recipe, oil, brand and portion can change nutrition"
Uttar Pradesh,Balushahi,Sweet,Veg,75,400.0,300,5,42,12,2,Calories consumed,"Approximate regional-food estimate; recipe, oil, brand and portion can change nutrition"
Uttar Pradesh,Jalebi,Sweet,Veg,75,400.0,300,5,42,12,2,Calories consumed,"Approximate regional-food estimate; recipe, oil, brand and portion can change nutrition"
Uttar Pradesh,Imarti,Sweet,Veg,75,400.0,300,5,42,12,2,Calories consumed,"Approximate regional-food estimate; recipe, oil, brand and portion can change nutrition"
Uttar Pradesh,Malaiyo,Sweet,Veg,75,400.0,300,5,42,12,2,Calories consumed,"Approximate regional-food estimate; recipe, oil, brand and portion can change nutrition"
Uttar Pradesh,Kheer,Sweet,Veg,75,400.0,300,5,42,12,2,Calories consumed,"Approximate regional-food estimate; recipe, oil, brand and portion can change nutrition"
Uttar Pradesh,Tehri,Rice Dish,Veg,250,120.0,300,8,48,8,3,Calories consumed,"Approximate regional-food estimate; recipe, oil, brand and portion can change nutrition"
Uttar Pradesh,Aloo Puri,Breakfast,Veg,180,122.2,220,7,32,7,3,Calories consumed,"Approximate regional-food estimate; recipe, oil, brand and portion can change nutrition"
Uttar Pradesh,Poori,Bread,Veg,80,312.5,250,7,42,7,3,Calories consumed,"Approximate regional-food estimate; recipe, oil, brand and portion can change nutrition"
Uttar Pradesh,Kachori,Snack,Veg,100,280.0,280,6,32,14,3,Calories consumed,"Approximate regional-food estimate; recipe, oil, brand and portion can change nutrition"
Uttarakhand,Kafuli,Main Dish,Veg,200,140.0,280,9,30,12,6,Calories consumed,"Approximate regional-food estimate; recipe, oil, brand and portion can change nutrition"
Uttarakhand,Phaanu,Curry,Veg,200,115.0,230,8,18,12,5,Calories consumed,"Approximate regional-food estimate; recipe, oil, brand and portion can change nutrition"
Uttarakhand,Aloo Ke Gutke,Side Dish,Veg,100,140.0,140,4,16,6,4,Calories consumed,"Approximate regional-food estimate; recipe, oil, brand and portion can change nutrition"
Uttarakhand,Bhaang Ki Chutney,Chutney,Veg,50,200.0,100,2,8,6,3,Calories consumed,"Approximate regional-food estimate; recipe, oil, brand and portion can change nutrition"
Uttarakhand,Chainsoo,Curry,Veg,200,115.0,230,8,18,12,5,Calories consumed,"Approximate regional-food estimate; recipe, oil, brand and portion can change nutrition"
Uttarakhand,Jhangore Ki Kheer,Sweet,Veg,75,400.0,300,5,42,12,2,Calories consumed,"Approximate regional-food estimate; recipe, oil, brand and portion can change nutrition"
Uttarakhand,Singori,Sweet,Veg,75,400.0,300,5,42,12,2,Calories consumed,"Approximate regional-food estimate; recipe, oil, brand and portion can change nutrition"
Uttarakhand,Bal Mithai,Sweet,Veg,75,400.0,300,5,42,12,2,Calories consumed,"Approximate regional-food estimate; recipe, oil, brand and portion can change nutrition"
Uttarakhand,Mandua Roti,Bread,Veg,80,312.5,250,7,42,7,3,Calories consumed,"Approximate regional-food estimate; recipe, oil, brand and portion can change nutrition"
Uttarakhand,Kumaoni Raita,Side Dish,Veg,100,140.0,140,4,16,6,4,Calories consumed,"Approximate regional-food estimate; recipe, oil, brand and portion can change nutrition"
Uttarakhand,Bhatt Ki Churkani,Curry,Veg,200,115.0,230,8,18,12,5,Calories consumed,"Approximate regional-food estimate; recipe, oil, brand and portion can change nutrition"
Uttarakhand,Kumaoni Mutton,Meat,Non-Veg,180,194.4,350,32,3,25,2,Calories consumed,"Approximate regional-food estimate; recipe, oil, brand and portion can change nutrition"
Uttarakhand,Pahadi Chicken,Chicken,Non-Veg,180,166.7,300,33,5,18,2,Calories consumed,"Approximate regional-food estimate; recipe, oil, brand and portion can change nutrition"
West Bengal,Macher Jhol,Fish,Non-Veg,180,133.3,240,33,0,13,1,Calories consumed,"Approximate regional-food estimate; recipe, oil, brand and portion can change nutrition"
West Bengal,Shorshe Ilish,Fish,Non-Veg,180,133.3,240,33,0,13,1,Calories consumed,"Approximate regional-food estimate; recipe, oil, brand and portion can change nutrition"
West Bengal,Doi Maach,Fish,Non-Veg,180,133.3,240,33,0,13,1,Calories consumed,"Approximate regional-food estimate; recipe, oil, brand and portion can change nutrition"
West Bengal,Chingri Malai Curry,Seafood,Non-Veg,180,122.2,220,30,1,11,1,Calories consumed,"Approximate regional-food estimate; recipe, oil, brand and portion can change nutrition"
West Bengal,Kosha Mangsho,Meat,Non-Veg,180,194.4,350,32,3,25,2,Calories consumed,"Approximate regional-food estimate; recipe, oil, brand and portion can change nutrition"
West Bengal,Mutton Curry,Meat,Non-Veg,180,194.4,350,32,3,25,2,Calories consumed,"Approximate regional-food estimate; recipe, oil, brand and portion can change nutrition"
West Bengal,Chicken Kosha,Chicken,Non-Veg,180,166.7,300,33,5,18,2,Calories consumed,"Approximate regional-food estimate; recipe, oil, brand and portion can change nutrition"
West Bengal,Luchi,Bread,Veg,80,312.5,250,7,42,7,3,Calories consumed,"Approximate regional-food estimate; recipe, oil, brand and portion can change nutrition"
West Bengal,Aloo Posto,Main Dish,Veg,200,140.0,280,9,30,12,6,Calories consumed,"Approximate regional-food estimate; recipe, oil, brand and portion can change nutrition"
West Bengal,Shukto,Vegetable,Veg,150,80.0,120,4,14,5,5,Calories consumed,"Approximate regional-food estimate; recipe, oil, brand and portion can change nutrition"
West Bengal,Cholar Dal,Curry,Veg,200,115.0,230,8,18,12,5,Calories consumed,"Approximate regional-food estimate; recipe, oil, brand and portion can change nutrition"
West Bengal,Mishti Doi,Sweet,Veg,75,400.0,300,5,42,12,2,Calories consumed,"Approximate regional-food estimate; recipe, oil, brand and portion can change nutrition"
West Bengal,Rasgulla,Sweet,Veg,75,400.0,300,5,42,12,2,Calories consumed,"Approximate regional-food estimate; recipe, oil, brand and portion can change nutrition"
West Bengal,Sandesh,Sweet,Veg,75,400.0,300,5,42,12,2,Calories consumed,"Approximate regional-food estimate; recipe, oil, brand and portion can change nutrition"
West Bengal,Kolkata Biryani,Rice Dish,Non-Veg,250,120.0,300,16,48,8,3,Calories consumed,"Approximate regional-food estimate; recipe, oil, brand and portion can change nutrition"
West Bengal,Kathi Roll Egg,Street Food,Non-Veg,180,194.4,350,16,45,15,5,Calories consumed,"Approximate regional-food estimate; recipe, oil, brand and portion can change nutrition"
West Bengal,Kathi Roll Chicken,Street Food,Non-Veg,180,194.4,350,16,45,15,5,Calories consumed,"Approximate regional-food estimate; recipe, oil, brand and portion can change nutrition"
West Bengal,Kathi Roll Paneer,Street Food,Veg,180,194.4,350,8,45,15,5,Calories consumed,"Approximate regional-food estimate; recipe, oil, brand and portion can change nutrition"
West Bengal,Mughlai Paratha,Bread,Non-Veg,80,312.5,250,15,42,7,3,Calories consumed,"Approximate regional-food estimate; recipe, oil, brand and portion can change nutrition"
Jammu and Kashmir,Rajma,Main Dish,Veg,200,140.0,280,9,30,12,6,Calories consumed,"Approximate regional-food estimate; recipe, oil, brand and portion can change nutrition"
Jammu and Kashmir,Dum Aloo,Curry,Veg,200,115.0,230,8,18,12,5,Calories consumed,"Approximate regional-food estimate; recipe, oil, brand and portion can change nutrition"
Jammu and Kashmir,Haak,Vegetable,Veg,150,80.0,120,4,14,5,5,Calories consumed,"Approximate regional-food estimate; recipe, oil, brand and portion can change nutrition"
Jammu and Kashmir,Nadru Yakhni,Curry,Veg,200,115.0,230,8,18,12,5,Calories consumed,"Approximate regional-food estimate; recipe, oil, brand and portion can change nutrition"
Jammu and Kashmir,Rogan Josh,Meat,Non-Veg,180,194.4,350,32,3,25,2,Calories consumed,"Approximate regional-food estimate; recipe, oil, brand and portion can change nutrition"
Jammu and Kashmir,Yakhni,Meat,Non-Veg,180,194.4,350,32,3,25,2,Calories consumed,"Approximate regional-food estimate; recipe, oil, brand and portion can change nutrition"
Jammu and Kashmir,Gushtaba,Meat,Non-Veg,180,194.4,350,32,3,25,2,Calories consumed,"Approximate regional-food estimate; recipe, oil, brand and portion can change nutrition"
Jammu and Kashmir,Rista,Meat,Non-Veg,180,194.4,350,32,3,25,2,Calories consumed,"Approximate regional-food estimate; recipe, oil, brand and portion can change nutrition"
Jammu and Kashmir,Tabak Maaz,Meat,Non-Veg,180,194.4,350,32,3,25,2,Calories consumed,"Approximate regional-food estimate; recipe, oil, brand and portion can change nutrition"
Jammu and Kashmir,Kashmiri Pulao,Rice Dish,Veg,250,120.0,300,8,48,8,3,Calories consumed,"Approximate regional-food estimate; recipe, oil, brand and portion can change nutrition"
Jammu and Kashmir,Modur Pulao,Rice Dish,Veg,250,120.0,300,8,48,8,3,Calories consumed,"Approximate regional-food estimate; recipe, oil, brand and portion can change nutrition"
Jammu and Kashmir,Kahwa,Drink,Veg,250,48.0,120,4,18,4,1,Calories consumed,"Approximate regional-food estimate; recipe, oil, brand and portion can change nutrition"
Jammu and Kashmir,Sheer Chai,Drink,Veg,250,48.0,120,4,18,4,1,Calories consumed,"Approximate regional-food estimate; recipe, oil, brand and portion can change nutrition"
Delhi,Chole Bhature,Street Food,Veg,180,194.4,350,8,45,15,5,Calories consumed,"Approximate regional-food estimate; recipe, oil, brand and portion can change nutrition"
Delhi,Aloo Tikki,Street Food,Veg,180,194.4,350,8,45,15,5,Calories consumed,"Approximate regional-food estimate; recipe, oil, brand and portion can change nutrition"
Delhi,Dahi Bhalla,Street Food,Veg,180,194.4,350,8,45,15,5,Calories consumed,"Approximate regional-food estimate; recipe, oil, brand and portion can change nutrition"
Delhi,Rajma Chawal,Main Dish,Veg,200,140.0,280,9,30,12,6,Calories consumed,"Approximate regional-food estimate; recipe, oil, brand and portion can change nutrition"
Delhi,Butter Chicken,Chicken,Non-Veg,180,166.7,300,33,5,18,2,Calories consumed,"Approximate regional-food estimate; recipe, oil, brand and portion can change nutrition"
Delhi,Tandoori Chicken,Chicken,Non-Veg,180,166.7,300,33,5,18,2,Calories consumed,"Approximate regional-food estimate; recipe, oil, brand and portion can change nutrition"
Delhi,Chicken Tikka,Chicken,Non-Veg,180,166.7,300,33,5,18,2,Calories consumed,"Approximate regional-food estimate; recipe, oil, brand and portion can change nutrition"
Delhi,Kebabs,Meat,Non-Veg,180,194.4,350,32,3,25,2,Calories consumed,"Approximate regional-food estimate; recipe, oil, brand and portion can change nutrition"
Delhi,Nihari,Meat,Non-Veg,180,194.4,350,32,3,25,2,Calories consumed,"Approximate regional-food estimate; recipe, oil, brand and portion can change nutrition"
Delhi,Momos,Street Food,Veg,180,194.4,350,8,45,15,5,Calories consumed,"Approximate regional-food estimate; recipe, oil, brand and portion can change nutrition"
Delhi,Chole Kulche,Street Food,Veg,180,194.4,350,8,45,15,5,Calories consumed,"Approximate regional-food estimate; recipe, oil, brand and portion can change nutrition"
Delhi,Paratha,Bread,Veg,80,312.5,250,7,42,7,3,Calories consumed,"Approximate regional-food estimate; recipe, oil, brand and portion can change nutrition"
Delhi,Daulat Ki Chaat,Sweet,Veg,75,400.0,300,5,42,12,2,Calories consumed,"Approximate regional-food estimate; recipe, oil, brand and portion can change nutrition"
Delhi,Jalebi,Sweet,Veg,75,400.0,300,5,42,12,2,Calories consumed,"Approximate regional-food estimate; recipe, oil, brand and portion can change nutrition"
Delhi,Kulfi,Sweet,Veg,75,400.0,300,5,42,12,2,Calories consumed,"Approximate regional-food estimate; recipe, oil, brand and portion can change nutrition"
